campaign_name,average_customer_ltv,spend,ROAS
Holiday Promo,324.47072289156625,8845.19,0.03668329599381882
Retargeting Campaign,322.5263492063492,7766.82,0.041526177921768395
Spring Launch,334.4098901098901,8881.73,0.037651436162762224
