campaign_name,average_customer_ltv,spend,ROAS
Holiday Promo,332.84582089552237,8845.19,0.03763014936881202
Retargeting Campaign,326.1772222222222,7766.82,0.04199623812863208
Spring Launch,316.3605263157895,8881.73,0.035619246060822556
