day,predicted_revenue
31,2027.393290322581
32,2042.34335483871
33,2057.293419354839
34,2072.243483870968
35,2087.193548387097
36,2102.143612903226
37,2117.093677419355
